1,1,2024-12-30,2025-01-05,2025-01-09,2025-01-11
2,2,2025-01-06,2025-01-12,2025-01-16,2025-01-18
3,3,2025-01-13,2025-01-19,2025-01-23,2025-01-25
4,4,2025-01-20,2025-01-26,2025-01-30,2025-02-01
5,5,2025-01-27,2025-02-02,2025-02-06,2025-02-08
6,6,2025-02-03,2025-02-09,2025-02-13,2025-02-15
7,7,2025-02-10,2025-02-16,2025-02-20,2025-02-22
8,8,2025-02-17,2025-02-23,2025-02-27,2025-03-01
9,9,2025-02-24,2025-03-02,2025-03-06,2025-03-08
10,10,2025-03-03,2025-03-09,2025-03-13,2025-03-15
11,11,2025-03-10,2025-03-16,2025-03-20,2025-03-22
12,12,2025-03-17,2025-03-23,2025-03-27,2025-03-29
13,13,2025-03-24,2025-03-30,2025-04-03,2025-04-05
14,14,2025-03-31,2025-04-06,2025-04-10,2025-04-12
15,15,2025-04-07,2025-04-13,2025-04-17,2025-04-19
16,16,2025-04-14,2025-04-20,2025-04-24,2025-04-26
17,17,2025-04-21,2025-04-27,2025-05-01,2025-05-03
18,18,2025-04-28,2025-05-04,2025-05-08,2025-05-10
19,19,2025-05-05,2025-05-11,2025-05-15,2025-05-17
20,20,2025-05-12,2025-05-18,2025-05-22,2025-05-24
21,21,2025-05-19,2025-05-25,2025-05-29,2025-05-31
22,22,2025-05-26,2025-06-01,2025-06-05,2025-06-07
23,23,2025-06-02,2025-06-08,2025-06-12,2025-06-14
24,24,2025-06-09,2025-06-15,2025-06-19,2025-06-21
25,25,2025-06-16,2025-06-22,2025-06-26,2025-06-28
26,26,2025-06-23,2025-06-29,2025-07-03,2025-07-05
27,27,2025-06-30,2025-07-06,2025-07-10,2025-07-12
28,28,2025-07-07,2025-07-13,2025-07-17,2025-07-19
29,29,2025-07-14,2025-07-20,2025-07-24,2025-07-26
30,30,2025-07-21,2025-07-27,2025-07-31,2025-08-02
31,31,2025-07-28,2025-08-03,2025-08-07,2025-08-09
32,32,2025-08-04,2025-08-10,2025-08-14,2025-08-16
33,33,2025-08-11,2025-08-17,2025-08-21,2025-08-23
34,34,2025-08-18,2025-08-24,2025-08-28,2025-08-30
35,35,2025-08-25,2025-08-31,2025-09-04,2025-09-06
36,36,2025-09-01,2025-09-07,2025-09-11,2025-09-13
37,37,2025-09-08,2025-09-14,2025-09-18,2025-09-20
38,38,2025-09-15,2025-09-21,2025-09-25,2025-09-27
39,39,2025-09-22,2025-09-28,2025-10-02,2025-10-04
40,40,2025-09-29,2025-10-05,2025-10-09,2025-10-11
41,41,2025-10-06,2025-10-12,2025-10-16,2025-10-18
42,42,2025-10-13,2025-10-19,2025-10-23,2025-10-25
43,43,2025-10-20,2025-10-26,2025-10-30,2025-11-01
44,44,2025-10-27,2025-11-02,2025-11-06,2025-11-08
45,45,2025-11-03,2025-11-09,2025-11-13,2025-11-15
46,46,2025-11-10,2025-11-16,2025-11-20,2025-11-22
47,47,2025-11-17,2025-11-23,2025-11-27,2025-11-29
48,48,2025-11-24,2025-11-30,2025-12-04,2025-12-06
49,49,2025-12-01,2025-12-07,2025-12-11,2025-12-13
50,50,2025-12-08,2025-12-14,2025-12-18,2025-12-20
51,51,2025-12-15,2025-12-21,2025-12-25,2025-12-27
52,52,2025-12-22,2025-12-28,2026-01-01,2026-01-03
