ID,Fecha,Tipo Documento,Proveedor,Proyecto,Total,Estado,Usuario Captura
646,24/10/2025,NOTA,"FERRETERIA ""LA MICHOACANA""",LA ESTANCIA DE AYONES,1302.0,Pendiente,fidel_cordoba
647,24/10/2025,NOTA,"MATERIALES PARA CONTRUCCION Y TLAPALERIA ""AVIÑA""",LA ESTANCIA DE AYONES,5670.0,Pendiente,fidel_cordoba
644,24/10/2025,NOTA,"FERRETERIA ""LA MICHOACANA""",LA ESTANCIA DE AYONES,98.0,Pendiente,fidel_cordoba
643,23/10/2025,NOTA,"REFACCIONARIA ""JA-JA""",LA ESTANCIA DE AYONES,1250.0,Pendiente,fidel_cordoba
548,23/10/2025,NOTA,"FERRETERIA ""LA MICHOACANA""",ETZATLAN,15000.0,Pendiente,gissel
645,23/10/2025,NOTA,"REFACCIONARIA ""JA-JA""",LA ESTANCIA DE AYONES,2295.0,Pendiente,fidel_cordoba
641,22/10/2025,NOTA,EL ARRAYAN,LA ESTANCIA DE AYONES,100.0,Pendiente,fidel_cordoba
632,22/10/2025,NOTA,SERVICENTRO LLANTERO ARCINIEGA,LA ESTANCIA DE AYONES,600.0,Pendiente,fidel_cordoba
639,22/10/2025,NOTA,"FERRETERIA ""LA MICHOACANA""",LA ESTANCIA DE AYONES,363.0,Pendiente,fidel_cordoba
642,21/10/2025,NOTA,"MATERIALES PARA CONTRUCCION Y TLAPALERIA ""AVIÑA""",LA ESTANCIA DE AYONES,1009.0,Pendiente,fidel_cordoba
636,21/10/2025,NOTA,MARIO ROMERO,LA FLORESTA,4300.0,Pendiente,fidel_cordoba
637,21/10/2025,NOTA,"MATERIALES PARA CONTRUCCION Y TLAPALERIA ""AVIÑA""",LA ESTANCIA DE AYONES,5880.0,Pendiente,fidel_cordoba
627,21/10/2025,NOTA,"FERRETERIA ""LA MICHOACANA""",LA FLORESTA,23487.0,Pendiente,fidel_cordoba
638,21/10/2025,NOTA,"MATERIALES PARA CONTRUCCION Y TLAPALERIA ""AVIÑA""",LA ESTANCIA DE AYONES,314.0,Pendiente,fidel_cordoba
640,21/10/2025,NOTA,EL ARRAYAN,LA ESTANCIA DE AYONES,95.0,Pendiente,fidel_cordoba
624,20/10/2025,NOTA,"FERRETERIA ""LA MICHOACANA""",LA ESTANCIA DE AYONES,7584.0,Pendiente,valeria_aux
625,20/10/2025,NOTA,"FERRETERIA ""LA MICHOACANA""",LA FLORESTA,2450.0,Pendiente,valeria_aux
648,18/10/2025,NOTA,"REFACCIONARIA ""JA-JA""",LA ESTANCIA DE AYONES,2630.0,Pendiente,fidel_cordoba
626,18/10/2025,NOTA,"FERRETERIA ""LA MICHOACANA""",LA ESTANCIA DE AYONES,2800.0,Pendiente,fidel_cordoba
634,17/10/2025,NOTA,"REFACCIONARIA ""JA-JA""",MINA,3420.0,Pendiente,fidel_cordoba
600,17/10/2025,NOTA,"FERRETERIA ""LA MICHOACANA""",LA FLORESTA,221.0,Pendiente,fidel_cordoba
587,17/10/2025,NOTA,MARIO ROMERO,LA FLORESTA,3800.0,Pendiente,fidel_cordoba
593,16/10/2025,NOTA,"FERRETERIA ""LA MICHOACANA""",LA FLORESTA,1100.0,Pendiente,fidel_cordoba
630,15/10/2025,NOTA,SERVICENTRO LLANTERO ARCINIEGA,LA ESTANCIA DE AYONES,4700.0,Pendiente,fidel_cordoba
592,15/10/2025,NOTA,"FERRETERIA ""LA MICHOACANA""",LA FLORESTA,4720.0,Pendiente,fidel_cordoba
590,15/10/2025,NOTA,MARIO ROMERO,LA FLORESTA,3800.0,Pendiente,fidel_cordoba
591,15/10/2025,NOTA,MARIO ROMERO,LA FLORESTA,1300.0,Pendiente,fidel_cordoba
631,15/10/2025,NOTA,SERVICENTRO LLANTERO ARCINIEGA,LA ESTANCIA DE AYONES,500.0,Pendiente,fidel_cordoba
628,15/10/2025,NOTA,"REFACCIONARIA ""JA-JA""",MINA,1300.0,Pendiente,fidel_cordoba
589,15/10/2025,NOTA,MARIO ROMERO,LA FLORESTA,1500.0,Pendiente,fidel_cordoba
594,15/10/2025,NOTA,"FERRETERIA ""LA MICHOACANA""",LA FLORESTA,3692.5,Pendiente,fidel_cordoba
595,14/10/2025,NOTA,"FERRETERIA ""LA MICHOACANA""",LA FLORESTA,4720.0,Pendiente,fidel_cordoba
635,14/10/2025,NOTA,"REFACCIONARIA ""JA-JA""",SIN DEFINIR,5930.0,Pendiente,fidel_cordoba
629,14/10/2025,NOTA,SERVICENTRO LLANTERO ARCINIEGA,LA ESTANCIA DE AYONES,570.0,Pendiente,fidel_cordoba
586,14/10/2025,NOTA,SERVICENTRO LLANTERO ARCINIEGA,LA ESTANCIA DE AYONES,570.0,Pendiente,fidel_cordoba
584,13/10/2025,NOTA,"FERRETERIA ""LA MICHOACANA""",LA ESTANCIA DE AYONES,174.0,Pendiente,fidel_cordoba
588,13/10/2025,NOTA,MARIO ROMERO,LA FLORESTA,3800.0,Pendiente,fidel_cordoba
578,11/10/2025,NOTA,"FERRETERIA ""LA MICHOACANA""",LA FLORESTA,4015.0,Pendiente,valeria_aux
550,10/10/2025,NOTA,"FERRETERIA ""LA MICHOACANA""",HOGAR 8,72.0,Pendiente,gissel
570,10/10/2025,NOTA,"REFACCIONARIA ""JA-JA""",LA ESTANCIA DE AYONES,0.0,Pendiente,valeria_aux
633,10/10/2025,NOTA,"REFACCIONARIA ""JA-JA""",SIN DEFINIR,13010.0,Pendiente,fidel_cordoba
549,10/10/2025,NOTA,MARIO ROMERO,HOGAR 8,2400.0,Pendiente,gissel
557,10/10/2025,NOTA,"FERRETERIA ""LA MICHOACANA""",CASA BLADI,20.0,Pendiente,fidel_cordoba
571,10/10/2025,NOTA,"REFACCIONARIA ""JA-JA""",LA ESTANCIA DE AYONES,2743.0,Pendiente,valeria_aux
555,10/10/2025,NOTA,"FERRETERIA ""LA MICHOACANA""",HOGAR 8,12.0,Pendiente,gissel
569,10/10/2025,NOTA,"FERRETERIA ""LA MICHOACANA""",LA FLORESTA,320.0,Pendiente,valeria_aux
573,08/10/2025,NOTA,EL ARRAYAN,LA ESTANCIA DE AYONES,420.0,Pendiente,valeria_aux
559,08/10/2025,NOTA,"BANCO DE ARENA LOS ISIOTES ""NOVOA""",LA ESTANCIA DE AYONES,500.0,Pendiente,gissel
541,08/10/2025,NOTA,EL ARRAYAN,LA ESTANCIA DE AYONES,750.0,Pendiente,fidel_cordoba
561,07/10/2025,NOTA,"BANCO DE ARENA LOS ISIOTES ""NOVOA""",LA ESTANCIA DE AYONES,500.0,Pendiente,gissel
537,07/10/2025,NOTA,"FERRETERIA ""LA MICHOACANA""",HOGAR 8,3800.0,Pendiente,gissel
556,07/10/2025,NOTA,"REFACCIONARIA ""JA-JA""",LA ESTANCIA DE AYONES,1810.0,Pendiente,gissel
552,07/10/2025,NOTA,"MATERIALES PARA CONTRUCCION Y TLAPALERIA ""AVIÑA""",LA ESTANCIA DE AYONES,172.0,Pendiente,fidel_cordoba
560,07/10/2025,NOTA,"BANCO DE ARENA LOS ISIOTES ""NOVOA""",LA ESTANCIA DE AYONES,500.0,Pendiente,gissel
536,07/10/2025,NOTA,"FERRETERIA ""LA MICHOACANA""",LA FLORESTA,1274.0,Pendiente,fidel_cordoba
558,07/10/2025,NOTA,"REFACCIONARIA ""JA-JA""",MINA,1450.0,Pendiente,gissel
616,07/10/2025,NOTA,"MATERIALES PARA CONTRUCCION Y TLAPALERIA ""AVIÑA""",LA ESTANCIA DE AYONES,146.0,Cerrada,auxiliar
535,06/10/2025,NOTA,"FERRETERIA ""LA MICHOACANA""",HOGAR 8,3700.0,Pendiente,gissel
615,06/10/2025,NOTA,"MATERIALES PARA CONTRUCCION Y TLAPALERIA ""AVIÑA""",LA ESTANCIA DE AYONES,5240.0,Cerrada,auxiliar
585,06/10/2025,NOTA,"FERRETERIA ""LA MICHOACANA""",LA FLORESTA,459.5,Pendiente,fidel_cordoba
534,06/10/2025,NOTA,"FERRETERIA ""LA MICHOACANA""",LA FLORESTA,4502.0,Pendiente,fidel_cordoba
553,04/10/2025,NOTA,"MATERIALES PARA CONTRUCCION Y TLAPALERIA ""AVIÑA""",LA ESTANCIA DE AYONES,76.0,Pendiente,fidel_cordoba
529,04/10/2025,NOTA,EL ARRAYAN,LA ESTANCIA DE AYONES,820.0,Pendiente,fidel_cordoba
614,04/10/2025,NOTA,"MATERIALES PARA CONTRUCCION Y TLAPALERIA ""AVIÑA""",LA ESTANCIA DE AYONES,64.6,Cerrada,auxiliar
533,04/10/2025,NOTA,"FERRETERIA ""LA MICHOACANA""",LA FLORESTA,997.0,Pendiente,fidel_cordoba
531,04/10/2025,NOTA,"FERRETERIA ""LA MICHOACANA""",LA ESTANCIA DE AYONES,261.0,Pendiente,fidel_cordoba
532,04/10/2025,NOTA,"FERRETERIA ""LA MICHOACANA""",LA FLORESTA,133.0,Pendiente,fidel_cordoba
523,03/10/2025,NOTA,"FERRETERIA ""LA MICHOACANA""",LA ESTANCIA DE AYONES,4359.0,Pendiente,fidel_cordoba
525,03/10/2025,NOTA,"FERRETERIA ""LA MICHOACANA""",HOGAR 8,374.0,Pendiente,gissel
540,03/10/2025,NOTA,"MATERIALES PARA CONTRUCCION Y TLAPALERIA ""AVIÑA""",LA ESTANCIA DE AYONES,885.0,Pendiente,fidel_cordoba
530,03/10/2025,NOTA,EL ARRAYAN,LA ESTANCIA DE AYONES,70.0,Pendiente,fidel_cordoba
538,03/10/2025,NOTA,MARIO ROMERO,HOGAR 8,6200.0,Pendiente,gissel
562,03/10/2025,NOTA,EL ARRAYAN,LA ESTANCIA DE AYONES,0.0,Pendiente,valeria_aux
574,03/10/2025,NOTA,EL ARRAYAN,LA ESTANCIA DE AYONES,400.0,Pendiente,valeria_aux
539,03/10/2025,NOTA,MARIO ROMERO,HOGAR 8,3800.0,Pendiente,gissel
518,02/10/2025,NOTA,"MATERIALES PARA CONTRUCCION Y TLAPALERIA ""AVIÑA""",LA ESTANCIA DE AYONES,599.0,Pendiente,fidel_cordoba
524,02/10/2025,NOTA,"FERRETERIA ""LA MICHOACANA""",LA FLORESTA,4038.0,Pendiente,fidel_cordoba
612,02/10/2025,NOTA,"MATERIALES PARA CONTRUCCION Y TLAPALERIA ""AVIÑA""",LA ESTANCIA DE AYONES,531.15,Cerrada,auxiliar
613,02/10/2025,NOTA,"MATERIALES PARA CONTRUCCION Y TLAPALERIA ""AVIÑA""",LA ESTANCIA DE AYONES,153.0,Cerrada,auxiliar
551,02/10/2025,NOTA,"MATERIALES PARA CONTRUCCION Y TLAPALERIA ""AVIÑA""",LA ESTANCIA DE AYONES,180.0,Pendiente,fidel_cordoba
554,02/10/2025,NOTA,"FERRETERIA ""LA MICHOACANA""",HOGAR 8,273.0,Pendiente,gissel
528,01/10/2025,NOTA,"FERRETERIA ""LA MICHOACANA""",HOGAR 8,1470.0,Pendiente,gissel
527,01/10/2025,NOTA,"FERRETERIA ""LA MICHOACANA""",LA ESTANCIA DE AYONES,457.5,Pendiente,gissel
547,01/10/2025,NOTA,"FERRETERIA ""LA MICHOACANA""",HOGAR 8,8590.0,Pendiente,gissel
526,30/09/2025,NOTA,"FERRETERIA ""LA MICHOACANA""",LA ESTANCIA DE AYONES,951.0,Pendiente,gissel
617,30/09/2025,NOTA,"FERRETERIA ""LA MICHOACANA""",LA FLORESTA,307.5,Pendiente,fidel_cordoba
506,29/09/2025,NOTA,COMEX,CASA BLADI,0.0,Pendiente,gissel
495,29/09/2025,NOTA,"FERRETERIA ""LA MICHOACANA""",LA FLORESTA,1470.0,Pendiente,fidel_cordoba
499,29/09/2025,NOTA,"REFACCIONARIA ""JA-JA""",LA ESTANCIA DE AYONES,1200.0,Pendiente,gissel
508,29/09/2025,NOTA,"FERRETERIA ""LA MICHOACANA""",HOGAR 8,136.0,Pendiente,gissel
498,29/09/2025,NOTA,"FERRETERIA ""LA MICHOACANA""",LA ESTANCIA DE AYONES,23.0,Pendiente,gissel
507,29/09/2025,NOTA,COMEX,CASA BLADI,734.0,Pendiente,gissel
483,28/09/2025,NOTA,"FERRETERIA ""LA MICHOACANA""",LA ESTANCIA DE AYONES,1078.0,Pendiente,gissel
484,28/09/2025,NOTA,"FERRETERIA ""LA MICHOACANA""",LA ESTANCIA DE AYONES,1078.0,Pendiente,gissel
611,26/09/2025,NOTA,"MATERIALES PARA CONTRUCCION Y TLAPALERIA ""AVIÑA""",ETZATLAN,1377.2,Cerrada,auxiliar
494,26/09/2025,NOTA,"FERRETERIA ""LA MICHOACANA""",LA FLORESTA,353.0,Pendiente,fidel_cordoba
480,25/09/2025,NOTA,"FERRETERIA ""LA MICHOACANA""",HOGAR 8,969.0,Pendiente,gissel
476,25/09/2025,NOTA,"FERRETERIA ""LA MICHOACANA""",ETZATLAN,41.0,Pendiente,gissel
473,25/09/2025,NOTA,"FERRETERIA ""LA MICHOACANA""",LA ESTANCIA DE AYONES,827.0,Pendiente,gissel
474,25/09/2025,NOTA,"FERRETERIA ""LA MICHOACANA""",LA ESTANCIA DE AYONES,827.0,Pendiente,gissel
482,25/09/2025,NOTA,"FERRETERIA ""LA MICHOACANA""",ETZATLAN,5000.0,Pendiente,gissel
481,25/09/2025,NOTA,"FERRETERIA ""LA MICHOACANA""",HOGAR 8,456.5,Pendiente,gissel
618,25/09/2025,NOTA,"FERRETERIA ""LA MICHOACANA""",LA FLORESTA,5000.0,Pendiente,fidel_cordoba
475,25/09/2025,NOTA,"FERRETERIA ""LA MICHOACANA""",LA FLORESTA,51.0,Pendiente,gissel
545,24/09/2025,NOTA,"REFACCIONARIA ""EJIDAL""",MINA,2900.0,Pendiente,fidel_cordoba
546,24/09/2025,NOTA,"REFACCIONARIA ""EJIDAL""",ETZATLAN,522.0,Pendiente,fidel_cordoba
470,23/09/2025,NOTA,"FERRETERIA ""LA MICHOACANA""",HOGAR 8,3075.0,Pendiente,gissel
608,22/09/2025,NOTA,"MATERIALES PARA CONTRUCCION Y TLAPALERIA ""AVIÑA""",ETZATLAN,46.0,Pendiente,gissel
502,22/09/2025,NOTA,"FERRETERIA ""LA MICHOACANA""",HOGAR 8,0.0,Pendiente,gissel
501,22/09/2025,NOTA,"REFACCIONARIA ""JA-JA""",ETZATLAN,2969.0,Pendiente,gissel
500,22/09/2025,NOTA,"REFACCIONARIA ""JA-JA""",ETZATLAN,2650.0,Pendiente,gissel
478,20/09/2025,NOTA,"FERRETERIA ""LA MICHOACANA""",LA FLORESTA,552.0,Pendiente,gissel
605,20/09/2025,NOTA,"FERRETERIA ""LA MICHOACANA""",HOGAR 8,992.0,Pendiente,gissel
479,20/09/2025,NOTA,"FERRETERIA ""LA MICHOACANA""",LA FLORESTA,176.0,Pendiente,gissel
491,20/09/2025,NOTA,"FERRETERIA ""LA MICHOACANA""",HOGAR 8,235.0,Pendiente,gissel
572,20/09/2025,NOTA,"REFACCIONARIA ""JA-JA""",LA FLORESTA,4955.0,Pendiente,valeria_aux
493,20/09/2025,NOTA,"FERRETERIA ""LA MICHOACANA""",HOGAR 8,2128.0,Pendiente,gissel
620,18/09/2025,NOTA,"FERRETERIA ""LA MICHOACANA""",SAN SABESTIÁN,0.0,Pendiente,fidel_cordoba
465,18/09/2025,NOTA,"FERRETERIA ""LA MICHOACANA""",HOGAR 8,1489.0,Pendiente,gissel
458,17/09/2025,NOTA,"FERRETERIA ""LA MICHOACANA""",HOGAR 8,290.0,Pendiente,gissel
453,15/09/2025,NOTA,"FERRETERIA ""LA MICHOACANA""",LA FLORESTA,3632.5,Pendiente,gissel
519,13/09/2025,NOTA,"FERRETERIA ""LA MICHOACANA""",LA FLORESTA,1139.0,Pendiente,fidel_cordoba
468,13/09/2025,NOTA,"FERRETERIA ""LA MICHOACANA""",ETZATLAN,4720.0,Pendiente,valeria_aux
452,13/09/2025,NOTA,"FERRETERIA ""LA MICHOACANA""",HOGAR 8,1600.0,Pendiente,valeria_aux
503,12/09/2025,NOTA,MARIO ROMERO,LA FLORESTA,1300.0,Pendiente,gissel
472,12/09/2025,NOTA,MARIO ROMERO,HOGAR 8,1300.0,Pendiente,gissel
496,12/09/2025,NOTA,MARIO ROMERO,LA FLORESTA,1300.0,Pendiente,fidel_cordoba
462,12/09/2025,NOTA,"FERRETERIA ""LA MICHOACANA""",HOGAR 8,180.0,Pendiente,gissel
463,12/09/2025,NOTA,"FERRETERIA ""LA MICHOACANA""",HOGAR 8,840.0,Pendiente,gissel
575,11/09/2025,NOTA,SERVICENTRO LLANTERO ARCINIEGA,ETZATLAN,200.0,Pendiente,valeria_aux
455,11/09/2025,NOTA,LOS GUERITOS,HOGAR 8,165.0,Pendiente,gissel
579,11/09/2025,NOTA,"LLANTERA"" EL COCOL""",ETZATLAN,1100.0,Pendiente,valeria_aux
577,11/09/2025,NOTA,SERVICENTRO LLANTERO ARCINIEGA,CASA BLADI,200.0,Pendiente,valeria_aux
485,11/09/2025,NOTA,"LLANTERA"" EL COCOL""",ETZATLAN,1100.0,Pendiente,gissel
543,11/09/2025,NOTA,SERVICENTRO LLANTERO ARCINIEGA,ETZATLAN,200.0,Pendiente,fidel_cordoba
464,11/09/2025,NOTA,"FERRETERIA ""LA MICHOACANA""",HOGAR 8,4680.0,Pendiente,gissel
454,11/09/2025,NOTA,LOS GUERITOS,HOGAR 8,165.0,Pendiente,gissel
568,11/09/2025,NOTA,SERVICENTRO LLANTERO ARCINIEGA,LA FLORESTA,200.0,Pendiente,valeria_aux
456,11/09/2025,NOTA,"FERRETERIA ""LA MICHOACANA""",HOGAR 8,0.0,Pendiente,gissel
497,10/09/2025,NOTA,"FERRETERIA ""LA MICHOACANA""",HOGAR 8,21831.0,Pendiente,gissel
469,10/09/2025,NOTA,"FERRETERIA ""LA MICHOACANA""",CASA BLADI,100.0,Pendiente,valeria_aux
466,10/09/2025,NOTA,"FERRETERIA ""LA MICHOACANA""",HOGAR 8,21831.0,Pendiente,valeria_aux
492,10/09/2025,NOTA,"FERRETERIA ""LA MICHOACANA""",CASA BLADI,515.0,Pendiente,fidel_cordoba
459,09/09/2025,NOTA,"FERRETERIA ""LA MICHOACANA""",HOGAR 8,188.0,Pendiente,gissel
606,08/09/2025,NOTA,"MATERIALES PARA CONTRUCCION Y TLAPALERIA ""AVIÑA""",ETZATLAN,404.0,Pendiente,gissel
447,05/09/2025,NOTA,"REFACCIONARIA ""EJIDAL""",ETZATLAN,300.0,Pendiente,gissel
445,05/09/2025,NOTA,"FERRETERIA ""LA MICHOACANA""",ETZATLAN,900.0,Pendiente,gissel
446,05/09/2025,NOTA,"FERRETERIA ""LA MICHOACANA""",ETZATLAN,413.0,Pendiente,gissel
460,05/09/2025,NOTA,MARIO ROMERO,HOGAR 8,2800.0,Pendiente,gissel
461,05/09/2025,NOTA,MARIO ROMERO,HOGAR 8,2400.0,Pendiente,gissel
439,04/09/2025,NOTA,"FERRETERIA ""LA MICHOACANA""",CASA BLADI,87.0,Pendiente,gissel
440,03/09/2025,NOTA,"FERRETERIA ""LA MICHOACANA""",ETZATLAN,199.0,Pendiente,gissel
505,03/09/2025,NOTA,"BANCO DE ARENA LOS ISIOTES ""NOVOA""",ETZATLAN,5600.0,Pendiente,gissel
448,03/09/2025,NOTA,"REFACCIONARIA ""JA-JA""",MINA,3448.0,Pendiente,gissel
504,03/09/2025,NOTA,"BANCO DE ARENA LOS ISIOTES ""NOVOA""",ETZATLAN,2000.0,Pendiente,gissel
441,02/09/2025,NOTA,"FERRETERIA ""LA MICHOACANA""",HOGAR 8,340.0,Cerrada,gissel
622,01/09/2025,NOTA,"FERRETERIA ""LA MICHOACANA""",SAN SABESTIÁN,320.0,Pendiente,fidel_cordoba
490,01/09/2025,NOTA,"FERRETERIA ""LA MICHOACANA""",SAN SABESTIÁN,747.0,Pendiente,gissel
444,01/09/2025,NOTA,"FERRETERIA ""LA MICHOACANA""",SAN SABESTIÁN,3975.0,Pendiente,gissel
607,01/09/2025,NOTA,"MATERIALES PARA CONTRUCCION Y TLAPALERIA ""AVIÑA""",ETZATLAN,5198.0,Pendiente,gissel
442,30/08/2025,NOTA,"FERRETERIA ""LA MICHOACANA""",SAN SABESTIÁN,0.0,Pendiente,gissel
609,30/08/2025,NOTA,"MATERIALES PARA CONTRUCCION Y TLAPALERIA ""AVIÑA""",ETZATLAN,40.0,Pendiente,valeria_aux
576,30/08/2025,NOTA,SERVICENTRO LLANTERO ARCINIEGA,ETZATLAN,2100.0,Pendiente,valeria_aux
542,30/08/2025,NOTA,SERVICENTRO LLANTERO ARCINIEGA,ETZATLAN,0.0,Pendiente,fidel_cordoba
438,29/08/2025,NOTA,"FERRETERIA ""LA MICHOACANA""",HOGAR 8,252.0,Cerrada,gissel
347,29/08/2025,NOTA,"FERRETERIA ""LA MICHOACANA""",EL CERRITO,2700.5,Cerrada,gissel
443,29/08/2025,NOTA,"FERRETERIA ""LA MICHOACANA""",CASA BLADI,1858.0,Pendiente,gissel
619,28/08/2025,NOTA,"FERRETERIA ""LA MICHOACANA""",LA FLORESTA,6108.0,Pendiente,fidel_cordoba
610,27/08/2025,NOTA,"MATERIALES PARA CONTRUCCION Y TLAPALERIA ""AVIÑA""",ETZATLAN,1374.0,Pendiente,valeria_aux
565,27/08/2025,NOTA,SERVICENTRO LLANTERO ARCINIEGA,LA FLORESTA,1780.0,Pendiente,valeria_aux
437,27/08/2025,NOTA,"FERRETERIA ""LA MICHOACANA""",CASA BLADI,170.5,Pendiente,gissel
431,26/08/2025,NOTA,"FERRETERIA ""LA MICHOACANA""",LILIA LOTE,700.0,Pendiente,gissel
432,26/08/2025,NOTA,"FERRETERIA ""LA MICHOACANA""",LILIA LOTE,1565.0,Pendiente,gissel
428,25/08/2025,NOTA,"FERRETERIA ""LA MICHOACANA""",CASA BLADI,1233.0,Pendiente,gissel
426,22/08/2025,NOTA,"FERRETERIA ""LA MICHOACANA""",ETZATLAN,745.0,Pendiente,gissel
623,22/08/2025,NOTA,"FERRETERIA ""LA MICHOACANA""",ETZATLAN,735.0,Pendiente,fidel_cordoba
604,22/08/2025,NOTA,"MATERIALES PARA CONTRUCCION Y TLAPALERIA ""AVIÑA""",ETZATLAN,720.0,Cerrada,valeria_aux
433,22/08/2025,NOTA,"FERRETERIA ""LA MICHOACANA""",LOS SAUCES,7560.0,Pendiente,gissel
430,21/08/2025,NOTA,"FERRETERIA ""LA MICHOACANA""",HOGAR 8,2800.0,Pendiente,gissel
603,20/08/2025,NOTA,"MATERIALES PARA CONTRUCCION Y TLAPALERIA ""AVIÑA""",ETZATLAN,6121.0,Pendiente,valeria_aux
414,20/08/2025,NOTA,"REFACCIONARIA ""JA-JA""",MINA,2695.0,Pendiente,gissel
602,20/08/2025,NOTA,"MATERIALES PARA CONTRUCCION Y TLAPALERIA ""AVIÑA""",ETZATLAN,1590.0,Pendiente,valeria_aux
425,20/08/2025,NOTA,MARIO ROMERO,HOGAR 8,2400.0,Cerrada,gissel
582,20/08/2025,NOTA,"MATERIALES PARA CONTRUCCION Y TLAPALERIA ""AVIÑA""",ETZATLAN,10400.0,Cerrada,valeria_aux
601,19/08/2025,NOTA,"MATERIALES PARA CONTRUCCION Y TLAPALERIA ""AVIÑA""",ETZATLAN,3080.0,Pendiente,valeria_aux
522,19/08/2025,NOTA,DISTRIBUIDORA CRUZ AZUL GUADALAJARA,LA FLORESTA,70650.0,Pendiente,fidel_cordoba
521,18/08/2025,NOTA,EL SEÑOR TABIQUE,LA FLORESTA,12300.0,Pendiente,gissel
581,18/08/2025,NOTA,"MATERIALES PARA CONTRUCCION Y TLAPALERIA ""AVIÑA""",ETZATLAN,22400.0,Cerrada,valeria_aux
421,16/08/2025,NOTA,MARIO ROMERO,HOGAR 8,3233.0,Pendiente,gissel
422,14/08/2025,NOTA,"FERRETERIA ""LA MICHOACANA""",HOGAR 8,2940.0,Pendiente,gissel
420,14/08/2025,NOTA,MARIO ROMERO,HOGAR 8,3800.0,Pendiente,gissel
413,14/08/2025,NOTA,"FERRETERIA ""LA MICHOACANA""",MINA,0.0,Pendiente,gissel
415,14/08/2025,NOTA,"REFACCIONARIA ""JA-JA""",LILIA LOTE,1200.0,Pendiente,gissel
583,13/08/2025,NOTA,"MATERIALES PARA CONTRUCCION Y TLAPALERIA ""AVIÑA""",ETZATLAN,11700.0,Cerrada,valeria_aux
424,13/08/2025,NOTA,"FERRETERIA ""LA MICHOACANA""",HOGAR 8,8389.7,Cerrada,gissel
418,13/08/2025,NOTA,MARIO ROMERO,HOGAR 8,3800.0,Cerrada,gissel
566,13/08/2025,NOTA,SERVICENTRO LLANTERO ARCINIEGA,LA FLORESTA,2000.0,Pendiente,valeria_aux
419,13/08/2025,NOTA,MARIO ROMERO,HOGAR 8,5200.0,Cerrada,gissel
436,12/08/2025,NOTA,"FERRETERIA ""LA MICHOACANA""",HOGAR 8,87.0,Cerrada,gissel
412,12/08/2025,NOTA,"FERRETERIA ""LA MICHOACANA""",LILIA LOTE,2085.0,Pendiente,gissel
410,11/08/2025,NOTA,"FERRETERIA ""LA MICHOACANA""",HOGAR 8,474.0,Pendiente,gissel
409,11/08/2025,NOTA,"FERRETERIA ""LA MICHOACANA""",LILIA LOTE,2990.0,Pendiente,gissel
423,11/08/2025,NOTA,"FERRETERIA ""LA MICHOACANA""",HOGAR 8,0.0,Pendiente,gissel
411,11/08/2025,NOTA,"FERRETERIA ""LA MICHOACANA""",HOGAR 8,717.0,Pendiente,gissel
544,08/08/2025,NOTA,SERVICENTRO LLANTERO ARCINIEGA,ETZATLAN,500.0,Pendiente,fidel_cordoba
404,08/08/2025,NOTA,"FERRETERIA ""LA MICHOACANA""",LILIA LOTE,3660.0,Pendiente,gissel
408,08/08/2025,NOTA,"FERRETERIA ""LA MICHOACANA""",LILIA LOTE,5400.0,Pendiente,valeria_aux
596,08/08/2025,RECIBO,SERVICENTRO LLANTERO ARCINIEGA,SIN DEFINIR,180.0,Cerrada,fidel_cordoba
580,07/08/2025,NOTA,"MATERIALES PARA CONTRUCCION Y TLAPALERIA ""AVIÑA""",ETZATLAN,16250.0,Cerrada,valeria_aux
405,07/08/2025,NOTA,"FERRETERIA ""LA MICHOACANA""",LILIA LOTE,2435.0,Pendiente,gissel
402,07/08/2025,NOTA,"FERRETERIA ""LA MICHOACANA""",LILIA LOTE,2810.0,Pendiente,gissel
563,07/08/2025,NOTA,SERVICENTRO LLANTERO ARCINIEGA,LA FLORESTA,700.0,Pendiente,valeria_aux
406,07/08/2025,NOTA,SERVICENTRO LLANTERO ARCINIEGA,LILIA LOTE,700.0,Pendiente,gissel
398,06/08/2025,NOTA,"FERRETERIA ""LA MICHOACANA""",LILIA LOTE,2498.0,Pendiente,gissel
403,06/08/2025,NOTA,"FERRETERIA ""LA MICHOACANA""",LILIA LOTE,1740.0,Pendiente,gissel
397,06/08/2025,NOTA,"FERRETERIA ""LA MICHOACANA""",LILIA LOTE,0.0,Pendiente,gissel
399,06/08/2025,NOTA,"FERRETERIA ""LA MICHOACANA""",LILIA LOTE,228.0,Pendiente,gissel
400,05/08/2025,NOTA,"REFACCIONARIA ""JA-JA""",LILIA LOTE,0.0,Pendiente,gissel
401,05/08/2025,NOTA,"REFACCIONARIA ""JA-JA""",LILIA LOTE,2400.0,Pendiente,gissel
564,02/08/2025,NOTA,SERVICENTRO LLANTERO ARCINIEGA,LA FLORESTA,180.0,Pendiente,valeria_aux
379,01/08/2025,NOTA,"FERRETERIA ""LA MICHOACANA""",LILIA LOTE,0.0,Pendiente,gissel
380,01/08/2025,NOTA,"REFACCIONARIA ""EJIDAL""",LILIA LOTE,1135.0,Pendiente,gissel
378,01/08/2025,NOTA,"FERRETERIA ""LA MICHOACANA""",LILIA LOTE,192.0,Pendiente,valeria_aux
381,01/08/2025,NOTA,"REFACCIONARIA ""JA-JA""",LILIA LOTE,200.0,Pendiente,gissel
349,01/08/2025,NOTA,"FERRETERIA ""LA MICHOACANA""",LOS SAUCES,364.0,Cerrada,gissel
371,01/08/2025,NOTA,"FERRETERIA ""LA MICHOACANA""",LAS HIGUERAS,83.0,Cerrada,auxiliar
344,31/07/2025,NOTA,"FERRETERIA ""LA MICHOACANA""",LILIA LOTE,3855.0,Cerrada,gissel
377,31/07/2025,NOTA,"FERRETERIA ""LA MICHOACANA""",LILIA LOTE,130.0,Pendiente,gissel
376,31/07/2025,NOTA,"REFACCIONARIA ""EJIDAL""",LILIA LOTE,50.0,Pendiente,gissel
342,30/07/2025,NOTA,"FERRETERIA ""LA MICHOACANA""",LILIA LOTE,4495.0,Pendiente,gissel
340,30/07/2025,NOTA,"FERRETERIA ""LA MICHOACANA""",LILIA LOTE,0.0,Pendiente,gissel
339,30/07/2025,NOTA,"REFACCIONARIA ""JA-JA""",MINA,2400.0,Pendiente,gissel
621,30/07/2025,NOTA,"FERRETERIA ""LA MICHOACANA""",LA FLORESTA,2139.0,Pendiente,fidel_cordoba
341,30/07/2025,NOTA,"FERRETERIA ""LA MICHOACANA""",LILIA LOTE,3095.0,Cerrada,gissel
338,29/07/2025,NOTA,"FERRETERIA ""LA MICHOACANA""",LILIA LOTE,3623.0,Cerrada,auxiliar
335,29/07/2025,NOTA,"FERRETERIA ""LA MICHOACANA""",LILIA LOTE,1333.55,Pendiente,auxiliar
337,29/07/2025,NOTA,"FERRETERIA ""LA MICHOACANA""",LILIA LOTE,1390.0,Pendiente,auxiliar
334,29/07/2025,NOTA,"FERRETERIA ""LA MICHOACANA""",LILIA LOTE,0.0,Pendiente,auxiliar
333,28/07/2025,NOTA,"REFACCIONARIA ""JA-JA""",CASA BLADI,351.0,Pendiente,auxiliar
332,28/07/2025,NOTA,"REFACCIONARIA ""JA-JA""",CASA BLADI,0.0,Pendiente,auxiliar
336,28/07/2025,NOTA,"FERRETERIA ""LA MICHOACANA""",LILIA LOTE,1097.0,Cerrada,auxiliar
326,26/07/2025,NOTA,"FERRETERIA ""LA MICHOACANA""",SAN SABESTIÁN,2564.0,Cerrada,auxiliar
324,24/07/2025,NOTA,"FERRETERIA ""LA MICHOACANA""",CASA BLADI,184.0,Cerrada,auxiliar
325,22/07/2025,NOTA,"FERRETERIA ""LA MICHOACANA""",VALLARTA,4200.0,Pendiente,auxiliar
323,22/07/2025,NOTA,"FERRETERIA ""LA MICHOACANA""",VALLARTA,3560.0,Cerrada,auxiliar
317,21/07/2025,NOTA,"FERRETERIA ""LA MICHOACANA""",CASA BLADI,819.0,Pendiente,auxiliar
316,21/07/2025,NOTA,"FERRETERIA ""LA MICHOACANA""",CASA BLADI,237.0,Cerrada,auxiliar
320,21/07/2025,NOTA,"REFACCIONARIA ""JA-JA""",CASA BLADI,650.0,Pendiente,auxiliar
321,21/07/2025,NOTA,PROLUB,CASA BLADI,300.0,Cerrada,auxiliar
567,21/07/2025,NOTA,SERVICENTRO LLANTERO ARCINIEGA,LA FLORESTA,180.0,Pendiente,valeria_aux
331,20/07/2025,NOTA,"FERRETERIA ""LA MICHOACANA""",SAN SABESTIÁN,3379.0,Pendiente,auxiliar
330,20/07/2025,NOTA,"FERRETERIA ""LA MICHOACANA""",SAN SABESTIÁN,0.0,Pendiente,auxiliar
322,19/07/2025,NOTA,"FERRETERIA ""LA MICHOACANA""",VALLARTA,81.0,Cerrada,auxiliar
318,19/07/2025,NOTA,"FERRETERIA ""LA MICHOACANA""",CASA BLADI,9340.0,Cerrada,auxiliar
319,19/07/2025,NOTA,"REFACCIONARIA ""JA-JA""",CASA BLADI,2375.0,Pendiente,auxiliar
315,18/07/2025,NOTA,"REFACCIONARIA ""JA-JA""",CASA BLADI,4500.0,Pendiente,auxiliar
314,18/07/2025,NOTA,"REFACCIONARIA ""JA-JA""",MINA,1264.0,Pendiente,auxiliar
313,18/07/2025,NOTA,"REFACCIONARIA ""EJIDAL""",CASA BLADI,2182.0,Pendiente,auxiliar
304,16/07/2025,NOTA,"FERRETERIA ""LA MICHOACANA""",CASA BLADI,133.0,Cerrada,auxiliar
305,16/07/2025,NOTA,"FERRETERIA ""LA MICHOACANA""",CASA BLADI,440.0,Cerrada,auxiliar
598,16/07/2025,NOTA,SERVICENTRO LLANTERO ARCINIEGA,EL CERRITO,1760.0,Pendiente,fidel_cordoba
303,15/07/2025,NOTA,"FERRETERIA ""LA MICHOACANA""",EL CERRITO,1714.0,Cerrada,auxiliar
382,15/07/2025,NOTA,"FERRETERIA ""LA MICHOACANA""",CASA BLADI,133.0,Cerrada,gissel
599,14/07/2025,NOTA,SERVICENTRO LLANTERO ARCINIEGA,EL CERRITO,530.0,Cerrada,fidel_cordoba
328,14/07/2025,NOTA,"FERRETERIA ""LA MICHOACANA""",SAN SABESTIÁN,2517.0,Pendiente,auxiliar
329,14/07/2025,NOTA,"FERRETERIA ""LA MICHOACANA""",SAN SABESTIÁN,3858.0,Pendiente,auxiliar
302,12/07/2025,NOTA,"FERRETERIA ""LA MICHOACANA""",EL CERRITO,509.0,Cerrada,auxiliar
301,11/07/2025,NOTA,"FERRETERIA ""LA MICHOACANA""",EL CERRITO,989.0,Cerrada,auxiliar
597,09/07/2025,NOTA,SERVICENTRO LLANTERO ARCINIEGA,EL CERRITO,680.0,Cerrada,fidel_cordoba
299,09/07/2025,NOTA,"REFACCIONARIA ""JA-JA""",EL CERRITO,3670.0,Pendiente,auxiliar
327,08/07/2025,NOTA,"REFACCIONARIA ""EJIDAL""",CASA BLADI,1646.0,Cerrada,auxiliar
310,08/07/2025,NOTA,"REFACCIONARIA ""EJIDAL""",CASA BLADI,1646.0,Cerrada,auxiliar
298,08/07/2025,NOTA,SERVICENTRO LLANTERO ARCINIEGA,EL CERRITO,280.0,Cerrada,auxiliar
297,08/07/2025,NOTA,"FERRETERIA ""LA MICHOACANA""",EL CERRITO,671.0,Cerrada,auxiliar
296,07/07/2025,NOTA,"FERRETERIA ""LA MICHOACANA""",EL CERRITO,74.0,Cerrada,auxiliar
300,05/07/2025,NOTA,"REFACCIONARIA ""JA-JA""",EL CERRITO,3175.0,Pendiente,auxiliar
294,05/07/2025,NOTA,"REFACCIONARIA ""JA-JA""",EL CERRITO,1350.0,Pendiente,auxiliar
293,04/07/2025,NOTA,"FERRETERIA ""LA MICHOACANA""",CASA BLADI,288.0,Cerrada,auxiliar
292,03/07/2025,NOTA,"REFACCIONARIA ""JA-JA""",EL CERRITO,2770.0,Pendiente,auxiliar
289,02/07/2025,NOTA,"FERRETERIA ""LA MICHOACANA""",EL CERRITO,1225.0,Cerrada,auxiliar
290,02/07/2025,PEDIDO,"REFACCIONES NEW HOLLAND ""RYPAOSA """,EL CERRITO,1450.0,Pendiente,auxiliar
291,02/07/2025,PEDIDO,"REFACCIONES NEW HOLLAND ""RYPAOSA """,SIN DEFINIR,830.0,Pendiente,auxiliar
288,01/07/2025,NOTA,"REFACCIONARIA ""JA-JA""",EL CERRITO,1230.0,Cerrada,auxiliar
389,01/07/2025,NOTA,"FERRETERIA ""LA MICHOACANA""",LOS SAUCES,1160.0,Cerrada,gissel
308,01/07/2025,NOTA,"REFACCIONARIA ""EJIDAL""",CASA BLADI,242.0,Cerrada,auxiliar
295,30/06/2025,NOTA,SERVICENTRO LLANTERO ARCINIEGA,EL CERRITO,280.0,Pendiente,auxiliar
275,27/06/2025,PEDIDO,"REFACCIONARIA ""JA-JA""",EL CERRITO,350.0,Pendiente,creador
361,27/06/2025,NOTA,"FERRETERIA ""LA MICHOACANA""",CASA BLADI,227.0,Cerrada,gissel
285,27/06/2025,NOTA,"FERRETERIA ""LA MICHOACANA""",EL CERRITO,510.0,Pendiente,auxiliar
274,27/06/2025,PEDIDO,"REFACCIONARIA ""JA-JA""",EL CERRITO,0.0,Pendiente,creador
307,26/06/2025,NOTA,"REFACCIONARIA ""EJIDAL""",CASA BLADI,476.0,Cerrada,auxiliar
284,26/06/2025,NOTA,"FERRETERIA ""LA MICHOACANA""",EL CERRITO,834.0,Cerrada,auxiliar
283,26/06/2025,NOTA,"FERRETERIA ""LA MICHOACANA""",CASA BLADI,1451.0,Cerrada,auxiliar
282,25/06/2025,NOTA,"FERRETERIA ""LA MICHOACANA""",EL CERRITO,208.0,Cerrada,auxiliar
281,25/06/2025,NOTA,"REFACCIONARIA ""JA-JA""",LA MORITA,2390.0,Cerrada,auxiliar
280,24/06/2025,NOTA,"FERRETERIA ""LA MICHOACANA""",CASA BLADI,882.0,Cerrada,auxiliar
286,23/06/2025,NOTA,"FERRETERIA ""LA MICHOACANA""",LA PIEDRA,574.0,Cerrada,auxiliar
279,23/06/2025,NOTA,"FERRETERIA ""LA MICHOACANA""",EL CERRITO,1839.0,Cerrada,auxiliar
127,20/06/2025,NOTA,"FERRETERIA ""LA MICHOACANA""",EL CERRITO,1260.0,Cerrada,auxiliar
278,20/06/2025,NOTA,"FERRETERIA ""LA MICHOACANA""",EL CERRITO,1708.0,Cerrada,auxiliar
252,19/06/2025,NOTA,"REFACCIONARIA ""JA-JA""",EL CERRITO,1390.0,Cerrada,vladi
254,19/06/2025,NOTA,"REFACCIONARIA ""JA-JA""",MINA,1390.0,Cerrada,vladi
384,19/06/2025,NOTA,"FERRETERIA ""LA MICHOACANA""",MINA,19980.0,Cerrada,gissel
253,19/06/2025,NOTA,"REFACCIONARIA ""JA-JA""",EL CERRITO,230.0,Cerrada,vladi
255,19/06/2025,NOTA,"REFACCIONARIA ""JA-JA""",MINA,200.0,Cerrada,vladi
125,18/06/2025,NOTA,"FERRETERIA ""LA MICHOACANA""",LOS SAUCES,587.0,Cerrada,auxiliar
123,18/06/2025,NOTA,"FERRETERIA ""LA MICHOACANA""",EL CERRITO,1400.0,Cerrada,auxiliar
364,18/06/2025,NOTA,"FERRETERIA ""LA MICHOACANA""",CASA BLADI,500.0,Cerrada,gissel
124,18/06/2025,NOTA,"FERRETERIA ""LA MICHOACANA""",EL CERRITO,1668.0,Cerrada,auxiliar
126,18/06/2025,NOTA,"FERRETERIA ""LA MICHOACANA""",LOS SAUCES,441.0,Cerrada,auxiliar
387,17/06/2025,NOTA,"FERRETERIA ""LA MICHOACANA""",LOS SAUCES,1000.0,Cerrada,gissel
369,17/06/2025,NOTA,"FERRETERIA ""LA MICHOACANA""",CASA BLADI,3659.0,Cerrada,gissel
287,17/06/2025,NOTA,"LLANTERA ""EL CARNAL""",EL CERRITO,5.0,Pendiente,auxiliar
245,14/06/2025,NOTA,"REFACCIONARIA ""JA-JA""",SIN DEFINIR,1380.0,1,vladi
358,14/06/2025,NOTA,"FERRETERIA ""LA MICHOACANA""",CASA BLADI,140.0,Cerrada,gissel
247,13/06/2025,NOTA,"REFACCIONARIA ""JA-JA""",CASA ELISA,825.0,Cerrada,vladi
246,13/06/2025,NOTA,"REFACCIONARIA ""JA-JA""",CASA ELISA,1900.0,Cerrada,vladi
248,13/06/2025,NOTA,"REFACCIONARIA ""JA-JA""",CASA ELISA,260.0,Cerrada,vladi
514,12/06/2025,NOTA,"REFACCIONARIA ""JA-JA""",LOS SAUCES,1380.0,Cerrada,fidel_cordoba
306,12/06/2025,NOTA,"REFACCIONARIA ""EJIDAL""",CASA BLADI,2520.0,Cerrada,auxiliar
363,12/06/2025,NOTA,"FERRETERIA ""LA MICHOACANA""",CASA BLADI,1380.0,Cerrada,gissel
513,11/06/2025,NOTA,"REFACCIONARIA ""JA-JA""",MINA,1370.0,Cerrada,fidel_cordoba
119,11/06/2025,NOTA,"FERRETERIA ""LA MICHOACANA""",LOS SAUCES,133.0,Cerrada,auxiliar
120,11/06/2025,NOTA,"FERRETERIA ""LA MICHOACANA""",LOS SAUCES,19.0,Cerrada,auxiliar
121,11/06/2025,NOTA,"FERRETERIA ""LA MICHOACANA""",LOS SAUCES,252.0,Cerrada,auxiliar
122,11/06/2025,NOTA,"FERRETERIA ""LA MICHOACANA""",LOS SAUCES,51.0,Cerrada,auxiliar
250,10/06/2025,NOTA,"REFACCIONARIA ""JA-JA""",EL CERRITO,1370.0,Cerrada,vladi
251,10/06/2025,NOTA,"REFACCIONARIA ""JA-JA""",EL CERRITO,124.0,Cerrada,vladi
249,10/06/2025,NOTA,"REFACCIONARIA ""JA-JA""",EL CERRITO,2630.0,Cerrada,vladi
366,09/06/2025,NOTA,"FERRETERIA ""LA MICHOACANA""",CASA BLADI,488.5,Cerrada,gissel
360,09/06/2025,NOTA,"FERRETERIA ""LA MICHOACANA""",CASA BLADI,2310.0,Cerrada,gissel
231,06/06/2025,NOTA,"REFACCIONARIA ""JA-JA""",LOS SAUCES,1200.0,Cerrada,vladi
232,06/06/2025,NOTA,"REFACCIONARIA ""JA-JA""",LOS SAUCES,1380.0,Cerrada,vladi
229,05/06/2025,NOTA,"REFACCIONARIA ""JA-JA""",SIN DEFINIR,132.0,1,vladi
224,05/06/2025,NOTA,"REFACCIONARIA ""JA-JA""",EL CERRITO,90.0,1,vladi
223,05/06/2025,NOTA,"REFACCIONARIA ""JA-JA""",EL CERRITO,140.0,1,vladi
161,05/06/2025,NOTA,"REFACCIONARIA ""JA-JA""",MINA,200.0,Cerrada,vladi
367,05/06/2025,NOTA,"FERRETERIA ""LA MICHOACANA""",CASA BLADI,644.0,Cerrada,gissel
365,05/06/2025,NOTA,"FERRETERIA ""LA MICHOACANA""",CASA BLADI,379.0,Cerrada,gissel
362,05/06/2025,NOTA,"FERRETERIA ""LA MICHOACANA""",CASA BLADI,273.0,Cerrada,gissel
225,05/06/2025,NOTA,"REFACCIONARIA ""JA-JA""",MINA,20.0,1,vladi
226,05/06/2025,NOTA,"REFACCIONARIA ""JA-JA""",MINA,30.0,1,vladi
227,05/06/2025,NOTA,"REFACCIONARIA ""JA-JA""",SIN DEFINIR,10.0,1,vladi
228,05/06/2025,NOTA,"REFACCIONARIA ""JA-JA""",SIN DEFINIR,30.0,1,vladi
230,05/06/2025,NOTA,"REFACCIONARIA ""JA-JA""",SIN DEFINIR,30.0,1,vladi
269,04/06/2025,NOTA,"REFACCIONARIA ""EJIDAL""",EL CERRITO,220.0,1,vladi
265,04/06/2025,NOTA,"REFACCIONARIA ""EJIDAL""",EL CERRITO,428.0,1,vladi
266,04/06/2025,NOTA,"REFACCIONARIA ""EJIDAL""",EL CERRITO,390.0,1,vladi
267,04/06/2025,NOTA,"REFACCIONARIA ""EJIDAL""",EL CERRITO,340.0,1,vladi
268,04/06/2025,NOTA,"REFACCIONARIA ""EJIDAL""",EL CERRITO,70.0,1,vladi
312,04/06/2025,NOTA,"REFACCIONARIA ""EJIDAL""",CASA BLADI,1447.99,Cerrada,auxiliar
517,03/06/2025,NOTA,"REFACCIONARIA ""JA-JA""",CASA BLADI,2400.0,Cerrada,fidel_cordoba
206,02/06/2025,NOTA,"REFACCIONARIA ""JA-JA""",LOS SAUCES,3600.0,Cerrada,vladi
110,31/05/2025,NOTA,"FERRETERIA ""LA MICHOACANA""",LOS SAUCES,19.0,1,auxiliar
355,31/05/2025,NOTA,"FERRETERIA ""LA MICHOACANA""",CASA BLADI,149.0,Cerrada,gissel
109,31/05/2025,NOTA,"FERRETERIA ""LA MICHOACANA""",LOS SAUCES,17.0,1,auxiliar
108,31/05/2025,NOTA,"FERRETERIA ""LA MICHOACANA""",LOS SAUCES,130.0,1,auxiliar
107,30/05/2025,NOTA,"FERRETERIA ""LA MICHOACANA""",LOS SAUCES,278.0,1,auxiliar
106,29/05/2025,NOTA,"FERRETERIA ""LA MICHOACANA""",LOS SAUCES,1197.0,1,auxiliar
345,29/05/2025,NOTA,"FERRETERIA ""LA MICHOACANA""",LOS SAUCES,512.0,Cerrada,gissel
353,29/05/2025,NOTA,"FERRETERIA ""LA MICHOACANA""",EL CERRITO,1988.0,Cerrada,gissel
160,28/05/2025,NOTA,"REFACCIONARIA ""JA-JA""",MINA,1545.0,Cerrada,vladi
352,28/05/2025,NOTA,"FERRETERIA ""LA MICHOACANA""",LA PIEDRA,448.0,Cerrada,gissel
386,27/05/2025,NOTA,"FERRETERIA ""LA MICHOACANA""",MINA,6845.0,Cerrada,gissel
511,27/05/2025,NOTA,"REFACCIONARIA ""JA-JA""",EL CERRITO,1200.0,Cerrada,fidel_cordoba
516,26/05/2025,NOTA,"REFACCIONARIA ""JA-JA""",EL CERRITO,1370.0,Cerrada,fidel_cordoba
222,24/05/2025,NOTA,"REFACCIONARIA ""JA-JA""",EL CERRITO,260.0,Cerrada,vladi
213,24/05/2025,NOTA,"REFACCIONARIA ""JA-JA""",LOS SAUCES,1100.0,Cerrada,vladi
214,24/05/2025,NOTA,"REFACCIONARIA ""JA-JA""",LOS SAUCES,338.0,Cerrada,vladi
220,24/05/2025,NOTA,"REFACCIONARIA ""JA-JA""",EL CERRITO,260.0,Cerrada,vladi
221,24/05/2025,NOTA,"REFACCIONARIA ""JA-JA""",EL CERRITO,130.0,Cerrada,vladi
215,22/05/2025,NOTA,"REFACCIONARIA ""JA-JA""",LOS SAUCES,1370.0,Cerrada,vladi
374,22/05/2025,NOTA,"FERRETERIA ""LA MICHOACANA""",LOS SAUCES,1365.0,Cerrada,gissel
354,21/05/2025,NOTA,"FERRETERIA ""LA MICHOACANA""",CASA BLADI,594.0,Cerrada,gissel
311,19/05/2025,NOTA,"REFACCIONARIA ""EJIDAL""",CASA BLADI,2440.06,Cerrada,auxiliar
211,19/05/2025,NOTA,"REFACCIONARIA ""JA-JA""",LOS SAUCES,1230.0,1,vladi
210,19/05/2025,NOTA,"REFACCIONARIA ""JA-JA""",LOS SAUCES,160.0,1,vladi
512,19/05/2025,NOTA,"REFACCIONARIA ""JA-JA""",EL CERRITO,570.0,Cerrada,fidel_cordoba
212,19/05/2025,NOTA,"REFACCIONARIA ""JA-JA""",LOS SAUCES,36.0,1,vladi
372,19/05/2025,NOTA,"FERRETERIA ""LA MICHOACANA""",LA PIEDRA,546.0,Cerrada,auxiliar
175,17/05/2025,NOTA,"REFACCIONARIA ""JA-JA""",LOS SAUCES,1380.0,Cerrada,vladi
373,17/05/2025,NOTA,"FERRETERIA ""LA MICHOACANA""",LOS SAUCES,906.0,Cerrada,auxiliar
509,17/05/2025,NOTA,"REFACCIONARIA ""JA-JA""",EL CERRITO,1405.0,Cerrada,fidel_cordoba
174,17/05/2025,NOTA,"REFACCIONARIA ""JA-JA""",LOS SAUCES,1380.0,Cerrada,vladi
99,16/05/2025,NOTA,"FERRETERIA ""LA MICHOACANA""",MINA,196.0,Cerrada,auxiliar
101,16/05/2025,NOTA,"FERRETERIA ""LA MICHOACANA""",LOS SAUCES,36.0,1,auxiliar
102,16/05/2025,NOTA,"FERRETERIA ""LA MICHOACANA""",LOS SAUCES,20.0,1,auxiliar
103,16/05/2025,NOTA,"FERRETERIA ""LA MICHOACANA""",LOS SAUCES,20.0,1,auxiliar
104,16/05/2025,NOTA,"FERRETERIA ""LA MICHOACANA""",LOS SAUCES,381.0,1,auxiliar
105,16/05/2025,NOTA,"FERRETERIA ""LA MICHOACANA""",LOS SAUCES,525.0,1,auxiliar
100,16/05/2025,NOTA,"FERRETERIA ""LA MICHOACANA""",MINA,83.0,Cerrada,auxiliar
356,16/05/2025,NOTA,"FERRETERIA ""LA MICHOACANA""",MIRAFLORES,266.0,Cerrada,gissel
91,15/05/2025,NOTA,"FERRETERIA ""LA MICHOACANA""",LOS SAUCES,69.0,Cerrada,auxiliar
515,15/05/2025,NOTA,"REFACCIONARIA ""JA-JA""",MINA,1550.0,Cerrada,fidel_cordoba
510,15/05/2025,NOTA,"REFACCIONARIA ""JA-JA""",EL CERRITO,1426.0,Cerrada,fidel_cordoba
98,15/05/2025,NOTA,"FERRETERIA ""LA MICHOACANA""",MINA,30.0,Cerrada,auxiliar
97,15/05/2025,NOTA,"FERRETERIA ""LA MICHOACANA""",MINA,20.0,Cerrada,auxiliar
96,15/05/2025,NOTA,"FERRETERIA ""LA MICHOACANA""",MINA,840.0,Cerrada,auxiliar
90,15/05/2025,NOTA,"FERRETERIA ""LA MICHOACANA""",LOS SAUCES,139.0,Cerrada,auxiliar
92,15/05/2025,NOTA,"FERRETERIA ""LA MICHOACANA""",LOS SAUCES,104.0,Cerrada,auxiliar
93,15/05/2025,NOTA,"FERRETERIA ""LA MICHOACANA""",LOS SAUCES,175.0,Cerrada,auxiliar
95,15/05/2025,NOTA,"FERRETERIA ""LA MICHOACANA""",LOS SAUCES,24.0,Cerrada,auxiliar
94,15/05/2025,NOTA,"FERRETERIA ""LA MICHOACANA""",LOS SAUCES,17.0,Cerrada,auxiliar
88,14/05/2025,NOTA,"FERRETERIA ""LA MICHOACANA""",LOS SAUCES,67.0,Cerrada,auxiliar
81,14/05/2025,NOTA,"FERRETERIA ""LA MICHOACANA""",LOS SAUCES,125.0,Cerrada,auxiliar
84,14/05/2025,NOTA,"FERRETERIA ""LA MICHOACANA""",LOS SAUCES,76.0,Cerrada,auxiliar
86,14/05/2025,NOTA,"FERRETERIA ""LA MICHOACANA""",LOS SAUCES,83.0,Cerrada,auxiliar
83,14/05/2025,NOTA,"FERRETERIA ""LA MICHOACANA""",LOS SAUCES,182.0,Cerrada,auxiliar
89,14/05/2025,NOTA,"FERRETERIA ""LA MICHOACANA""",LOS SAUCES,104.0,Cerrada,auxiliar
85,14/05/2025,NOTA,"FERRETERIA ""LA MICHOACANA""",LOS SAUCES,196.0,Cerrada,auxiliar
219,14/05/2025,NOTA,"REFACCIONARIA ""JA-JA""",LOS SAUCES,170.0,Cerrada,vladi
87,14/05/2025,NOTA,"FERRETERIA ""LA MICHOACANA""",LOS SAUCES,41.0,Cerrada,auxiliar
82,14/05/2025,NOTA,"FERRETERIA ""LA MICHOACANA""",LOS SAUCES,167.0,Cerrada,auxiliar
395,13/05/2025,NOTA,"FERRETERIA ""LA MICHOACANA""",CASA ELISA,384.0,Cerrada,gissel
273,12/05/2025,NOTA,"REFACCIONARIA ""EJIDAL""",LAS HIGUERAS,12.0,1,vladi
392,12/05/2025,NOTA,"FERRETERIA ""LA MICHOACANA""",CASA ELISA,1432.0,Cerrada,gissel
270,12/05/2025,NOTA,"REFACCIONARIA ""EJIDAL""",LAS HIGUERAS,840.0,1,vladi
271,12/05/2025,NOTA,"REFACCIONARIA ""EJIDAL""",LAS HIGUERAS,90.0,1,vladi
272,12/05/2025,NOTA,"REFACCIONARIA ""EJIDAL""",LAS HIGUERAS,165.0,1,vladi
162,09/05/2025,NOTA,"REFACCIONARIA ""JA-JA""",LOS SAUCES,2200.0,Cerrada,vladi
80,09/05/2025,NOTA,"FERRETERIA ""LA MICHOACANA""",MINA,33.0,1,auxiliar
163,09/05/2025,NOTA,"REFACCIONARIA ""JA-JA""",MINA,55.0,Cerrada,vladi
370,09/05/2025,NOTA,"FERRETERIA ""LA MICHOACANA""",LAS HIGUERAS,405.0,Cerrada,auxiliar
357,09/05/2025,NOTA,"FERRETERIA ""LA MICHOACANA""",LOS SAUCES,76.0,Cerrada,gissel
77,09/05/2025,NOTA,"FERRETERIA ""LA MICHOACANA""",MINA,8.0,1,auxiliar
78,09/05/2025,NOTA,"FERRETERIA ""LA MICHOACANA""",MINA,10.0,1,auxiliar
79,09/05/2025,NOTA,"FERRETERIA ""LA MICHOACANA""",MINA,60.0,1,auxiliar
346,09/05/2025,NOTA,"FERRETERIA ""LA MICHOACANA""",CASA ELISA,218.0,Cerrada,gissel
350,08/05/2025,NOTA,"FERRETERIA ""LA MICHOACANA""",LA PIEDRA,228.0,Cerrada,gissel
217,08/05/2025,NOTA,"REFACCIONARIA ""JA-JA""",LAS HIGUERAS,80.0,1,vladi
218,08/05/2025,NOTA,"REFACCIONARIA ""JA-JA""",LAS HIGUERAS,778.0,1,vladi
74,08/05/2025,NOTA,"FERRETERIA ""LA MICHOACANA""",MINA,19.0,1,auxiliar
75,08/05/2025,NOTA,"FERRETERIA ""LA MICHOACANA""",MINA,34.0,1,auxiliar
76,08/05/2025,NOTA,"FERRETERIA ""LA MICHOACANA""",MINA,7.0,1,auxiliar
348,07/05/2025,NOTA,"FERRETERIA ""LA MICHOACANA""",LA PIEDRA,212.0,Cerrada,gissel
73,07/05/2025,NOTA,"FERRETERIA ""LA MICHOACANA""",MINA,44.0,1,auxiliar
184,07/05/2025,NOTA,"REFACCIONARIA ""JA-JA""",LOS SAUCES,750.0,Cerrada,vladi
183,07/05/2025,NOTA,"REFACCIONARIA ""JA-JA""",LOS SAUCES,580.0,Cerrada,vladi
182,06/05/2025,NOTA,"REFACCIONARIA ""JA-JA""",LOS SAUCES,1380.0,Cerrada,vladi
359,06/05/2025,NOTA,"FERRETERIA ""LA MICHOACANA""",LA PIEDRA,1190.0,Cerrada,gissel
69,06/05/2025,NOTA,"FERRETERIA ""LA MICHOACANA""",LAS HIGUERAS,244.0,1,auxiliar
70,06/05/2025,NOTA,"FERRETERIA ""LA MICHOACANA""",LOS SAUCES,56.0,1,auxiliar
181,06/05/2025,NOTA,"REFACCIONARIA ""JA-JA""",LOS SAUCES,1200.0,Cerrada,vladi
71,06/05/2025,NOTA,"FERRETERIA ""LA MICHOACANA""",LOS SAUCES,308.0,1,auxiliar
72,06/05/2025,NOTA,"FERRETERIA ""LA MICHOACANA""",LOS SAUCES,69.0,1,auxiliar
393,06/05/2025,NOTA,"FERRETERIA ""LA MICHOACANA""",CASA ELISA,950.0,Cerrada,gissel
390,06/05/2025,NOTA,"FERRETERIA ""LA MICHOACANA""",CASA ELISA,540.0,Cerrada,gissel
383,05/05/2025,NOTA,"FERRETERIA ""LA MICHOACANA""",CASA ELISA,1456.5,Cerrada,gissel
67,05/05/2025,NOTA,"FERRETERIA ""LA MICHOACANA""",LOS SAUCES,112.0,1,auxiliar
68,05/05/2025,NOTA,"FERRETERIA ""LA MICHOACANA""",LOS SAUCES,20.0,1,auxiliar
351,05/05/2025,NOTA,"FERRETERIA ""LA MICHOACANA""",LA PIEDRA,343.0,Cerrada,gissel
368,05/05/2025,NOTA,"FERRETERIA ""LA MICHOACANA""",CASA BLADI,62.5,Cerrada,auxiliar
385,03/05/2025,NOTA,"FERRETERIA ""LA MICHOACANA""",LOS SAUCES,758.0,Cerrada,gissel
180,03/05/2025,NOTA,"REFACCIONARIA ""JA-JA""",LOS SAUCES,993.0,Cerrada,vladi
65,02/05/2025,NOTA,"FERRETERIA ""LA MICHOACANA""",LOS SAUCES,312.0,1,auxiliar
66,02/05/2025,NOTA,"FERRETERIA ""LA MICHOACANA""",LOS SAUCES,626.0,1,auxiliar
394,02/05/2025,NOTA,"FERRETERIA ""LA MICHOACANA""",CASA ELISA,2930.0,Cerrada,gissel
375,02/05/2025,NOTA,"FERRETERIA ""LA MICHOACANA""",MINA,215.0,Cerrada,gissel
257,02/05/2025,NOTA,"REFACCIONARIA ""EJIDAL""",MINA,65.0,1,vladi
256,02/05/2025,NOTA,"REFACCIONARIA ""EJIDAL""",MINA,230.0,1,vladi
209,01/05/2025,NOTA,"REFACCIONARIA ""JA-JA""",LOS SAUCES,9.0,1,vladi
178,01/05/2025,NOTA,"REFACCIONARIA ""JA-JA""",LOS SAUCES,950.0,Cerrada,vladi
207,01/05/2025,NOTA,"REFACCIONARIA ""JA-JA""",LOS SAUCES,1380.0,Cerrada,vladi
179,01/05/2025,NOTA,"REFACCIONARIA ""JA-JA""",LOS SAUCES,1380.0,Cerrada,vladi
208,01/05/2025,NOTA,"REFACCIONARIA ""JA-JA""",LOS SAUCES,2900.0,1,vladi
391,30/04/2025,NOTA,"FERRETERIA ""LA MICHOACANA""",CASA ELISA,6154.0,Cerrada,gissel
388,30/04/2025,NOTA,"FERRETERIA ""LA MICHOACANA""",LAS HIGUERAS,43.5,Cerrada,gissel
62,30/04/2025,NOTA,"FERRETERIA ""LA MICHOACANA""",LAS HIGUERAS,111.0,1,auxiliar
63,30/04/2025,NOTA,"FERRETERIA ""LA MICHOACANA""",LAS HIGUERAS,299.0,1,auxiliar
64,30/04/2025,NOTA,"FERRETERIA ""LA MICHOACANA""",LOS SAUCES,52.0,1,auxiliar
177,29/04/2025,NOTA,"REFACCIONARIA ""JA-JA""",LOS SAUCES,350.0,Cerrada,vladi
60,29/04/2025,NOTA,"FERRETERIA ""LA MICHOACANA""",LOS SAUCES,154.0,1,auxiliar
61,29/04/2025,NOTA,"FERRETERIA ""LA MICHOACANA""",LOS SAUCES,917.0,Cerrada,auxiliar
176,29/04/2025,NOTA,"REFACCIONARIA ""JA-JA""",LOS SAUCES,1230.0,Cerrada,vladi
59,28/04/2025,NOTA,"FERRETERIA ""LA MICHOACANA""",LOS SAUCES,54.0,1,auxiliar
195,24/04/2025,NOTA,"REFACCIONARIA ""JA-JA""",MINA,0.0,1,vladi
261,24/04/2025,NOTA,"REFACCIONARIA ""EJIDAL""",LAS HIGUERAS,27.0,1,vladi
197,24/04/2025,NOTA,"REFACCIONARIA ""JA-JA""",MINA,0.0,1,vladi
196,24/04/2025,NOTA,"REFACCIONARIA ""JA-JA""",MINA,0.0,1,vladi
216,24/04/2025,NOTA,"REFACCIONARIA ""JA-JA""",LOS SAUCES,0.0,1,vladi
264,24/04/2025,NOTA,"REFACCIONARIA ""EJIDAL""",LAS HIGUERAS,20.0,1,vladi
262,24/04/2025,NOTA,"REFACCIONARIA ""EJIDAL""",LAS HIGUERAS,12.0,1,vladi
194,24/04/2025,NOTA,"REFACCIONARIA ""JA-JA""",LOS SAUCES,150.0,Cerrada,vladi
193,24/04/2025,NOTA,"REFACCIONARIA ""JA-JA""",LOS SAUCES,32.0,Cerrada,vladi
192,24/04/2025,NOTA,"REFACCIONARIA ""JA-JA""",LOS SAUCES,16.0,Cerrada,vladi
263,24/04/2025,NOTA,"REFACCIONARIA ""EJIDAL""",LAS HIGUERAS,42.0,1,vladi
58,24/04/2025,NOTA,"FERRETERIA ""LA MICHOACANA""",LOS SAUCES,154.0,1,auxiliar
57,24/04/2025,NOTA,"FERRETERIA ""LA MICHOACANA""",LOS SAUCES,56.0,1,auxiliar
56,24/04/2025,NOTA,"FERRETERIA ""LA MICHOACANA""",LOS SAUCES,92.0,1,auxiliar
186,23/04/2025,NOTA,"REFACCIONARIA ""JA-JA""",LOS SAUCES,350.0,Cerrada,vladi
52,23/04/2025,NOTA,"FERRETERIA ""LA MICHOACANA""",LOS SAUCES,168.0,1,auxiliar
185,23/04/2025,NOTA,"REFACCIONARIA ""JA-JA""",LOS SAUCES,2400.0,Cerrada,vladi
187,23/04/2025,NOTA,"REFACCIONARIA ""JA-JA""",LOS SAUCES,440.0,Cerrada,vladi
55,23/04/2025,NOTA,"FERRETERIA ""LA MICHOACANA""",LOS SAUCES,174.0,1,auxiliar
54,23/04/2025,NOTA,"FERRETERIA ""LA MICHOACANA""",LOS SAUCES,230.0,1,auxiliar
53,23/04/2025,NOTA,"FERRETERIA ""LA MICHOACANA""",LOS SAUCES,175.0,1,auxiliar
190,22/04/2025,NOTA,"REFACCIONARIA ""JA-JA""",LOS SAUCES,23.0,Cerrada,vladi
189,22/04/2025,NOTA,"REFACCIONARIA ""JA-JA""",LOS SAUCES,1380.0,Cerrada,vladi
188,22/04/2025,NOTA,"REFACCIONARIA ""JA-JA""",LOS SAUCES,100.0,Cerrada,vladi
260,21/04/2025,NOTA,"REFACCIONARIA ""EJIDAL""",LOS SAUCES,380.0,1,vladi
51,21/04/2025,NOTA,"FERRETERIA ""LA MICHOACANA""",LOS SAUCES,370.0,1,auxiliar
191,21/04/2025,NOTA,"REFACCIONARIA ""JA-JA""",LOS SAUCES,1230.0,Cerrada,vladi
259,21/04/2025,NOTA,"REFACCIONARIA ""EJIDAL""",LOS SAUCES,350.0,1,vladi
258,21/04/2025,NOTA,"REFACCIONARIA ""EJIDAL""",LOS SAUCES,300.0,1,vladi
50,17/04/2025,NOTA,"FERRETERIA ""LA MICHOACANA""",LOS SAUCES,40.0,1,auxiliar
48,17/04/2025,NOTA,"FERRETERIA ""LA MICHOACANA""",LOS SAUCES,53.0,1,auxiliar
205,17/04/2025,NOTA,"REFACCIONARIA ""JA-JA""",LOS SAUCES,80.0,Pendiente,vladi
49,17/04/2025,NOTA,"FERRETERIA ""LA MICHOACANA""",LOS SAUCES,57.0,1,auxiliar
47,17/04/2025,NOTA,"FERRETERIA ""LA MICHOACANA""",LOS SAUCES,139.0,1,auxiliar
45,16/04/2025,NOTA,"FERRETERIA ""LA MICHOACANA""",LOS SAUCES,68.0,1,auxiliar
46,16/04/2025,NOTA,"FERRETERIA ""LA MICHOACANA""",LOS SAUCES,166.0,1,auxiliar
44,16/04/2025,NOTA,"FERRETERIA ""LA MICHOACANA""",LOS SAUCES,47.0,1,auxiliar
199,15/04/2025,NOTA,"REFACCIONARIA ""JA-JA""",LOS SAUCES,0.0,1,vladi
198,15/04/2025,NOTA,"REFACCIONARIA ""JA-JA""",EL CERRITO,0.0,1,vladi
204,15/04/2025,NOTA,"REFACCIONARIA ""JA-JA""",EL CERRITO,1850.0,Cerrada,vladi
200,15/04/2025,NOTA,"REFACCIONARIA ""JA-JA""",LOS SAUCES,175.0,1,vladi
201,15/04/2025,NOTA,"REFACCIONARIA ""JA-JA""",MINA,3690.0,1,vladi
202,15/04/2025,NOTA,"REFACCIONARIA ""JA-JA""",MINA,5200.0,1,vladi
203,15/04/2025,NOTA,"REFACCIONARIA ""JA-JA""",EL CERRITO,110.0,1,vladi
39,14/04/2025,NOTA,"FERRETERIA ""LA MICHOACANA""",LOS SAUCES,50.0,1,auxiliar
43,14/04/2025,NOTA,"FERRETERIA ""LA MICHOACANA""",LOS SAUCES,126.0,1,auxiliar
40,14/04/2025,NOTA,"FERRETERIA ""LA MICHOACANA""",LOS SAUCES,20.0,1,auxiliar
38,14/04/2025,NOTA,"FERRETERIA ""LA MICHOACANA""",LOS SAUCES,600.0,1,auxiliar
41,14/04/2025,NOTA,"FERRETERIA ""LA MICHOACANA""",LOS SAUCES,84.0,1,auxiliar
42,14/04/2025,NOTA,"FERRETERIA ""LA MICHOACANA""",LOS SAUCES,38.0,1,auxiliar
37,12/04/2025,NOTA,"FERRETERIA ""LA MICHOACANA""",LOS SAUCES,166.0,1,auxiliar
164,12/04/2025,NOTA,"REFACCIONARIA ""JA-JA""",MINA,758.0,Cerrada,vladi
169,11/04/2025,NOTA,"REFACCIONARIA ""JA-JA""",LOS SAUCES,78.0,Cerrada,vladi
165,11/04/2025,NOTA,"REFACCIONARIA ""JA-JA""",LOS SAUCES,148.0,Cerrada,vladi
166,11/04/2025,NOTA,"REFACCIONARIA ""JA-JA""",LOS SAUCES,124.0,Cerrada,vladi
167,11/04/2025,NOTA,"REFACCIONARIA ""JA-JA""",LOS SAUCES,3000.0,Cerrada,vladi
168,11/04/2025,NOTA,"REFACCIONARIA ""JA-JA""",LAS HIGUERAS,1330.0,Cerrada,vladi
36,10/04/2025,NOTA,"FERRETERIA ""LA MICHOACANA""",LAS HIGUERAS,32.0,1,auxiliar
35,10/04/2025,NOTA,"FERRETERIA ""LA MICHOACANA""",LAS HIGUERAS,9.0,1,auxiliar
34,10/04/2025,NOTA,"FERRETERIA ""LA MICHOACANA""",LAS HIGUERAS,2.5,1,auxiliar
33,10/04/2025,NOTA,"FERRETERIA ""LA MICHOACANA""",EL CERRITO,1112.0,Cerrada,auxiliar
32,09/04/2025,NOTA,"FERRETERIA ""LA MICHOACANA""",EL CERRITO,917.0,Cerrada,auxiliar
29,09/04/2025,NOTA,"FERRETERIA ""LA MICHOACANA""",EL CERRITO,46.0,1,auxiliar
30,09/04/2025,NOTA,"FERRETERIA ""LA MICHOACANA""",EL CERRITO,40.0,1,auxiliar
31,09/04/2025,NOTA,"FERRETERIA ""LA MICHOACANA""",EL CERRITO,276.0,Cerrada,auxiliar
170,08/04/2025,NOTA,"REFACCIONARIA ""JA-JA""",LOS SAUCES,374.0,Cerrada,vladi
28,08/04/2025,NOTA,"FERRETERIA ""LA MICHOACANA""",EL CERRITO,15.0,1,auxiliar
21,07/04/2025,NOTA,"FERRETERIA ""LA MICHOACANA""",EL CERRITO,134.0,1,auxiliar
19,07/04/2025,NOTA,"FERRETERIA ""LA MICHOACANA""",EL CERRITO,133.0,Cerrada,auxiliar
18,07/04/2025,NOTA,"FERRETERIA ""LA MICHOACANA""",LAS HIGUERAS,35.0,1,auxiliar
20,07/04/2025,NOTA,"FERRETERIA ""LA MICHOACANA""",EL CERRITO,1834.0,1,auxiliar
22,07/04/2025,NOTA,"FERRETERIA ""LA MICHOACANA""",EL CERRITO,1716.0,1,auxiliar
23,07/04/2025,NOTA,"FERRETERIA ""LA MICHOACANA""",EL CERRITO,500.0,1,auxiliar
24,07/04/2025,NOTA,"FERRETERIA ""LA MICHOACANA""",EL CERRITO,275.0,1,auxiliar
25,07/04/2025,NOTA,"FERRETERIA ""LA MICHOACANA""",EL CERRITO,18.0,1,auxiliar
26,07/04/2025,NOTA,"FERRETERIA ""LA MICHOACANA""",EL CERRITO,88.0,1,auxiliar
27,07/04/2025,NOTA,"FERRETERIA ""LA MICHOACANA""",EL CERRITO,2.5,1,auxiliar
173,05/04/2025,NOTA,"REFACCIONARIA ""JA-JA""",LOS SAUCES,70.0,Cerrada,vladi
172,05/04/2025,NOTA,"REFACCIONARIA ""JA-JA""",LOS SAUCES,67.0,Cerrada,vladi
171,05/04/2025,NOTA,"REFACCIONARIA ""JA-JA""",LOS SAUCES,2550.0,Cerrada,vladi
15,03/04/2025,NOTA,"FERRETERIA ""LA MICHOACANA""",MIRAFLORES,100.0,1,auxiliar
17,03/04/2025,NOTA,"FERRETERIA ""LA MICHOACANA""",LAS HIGUERAS,48.0,1,auxiliar
16,03/04/2025,NOTA,"FERRETERIA ""LA MICHOACANA""",MIRAFLORES,166.0,1,auxiliar
117,27/03/2025,NOTA,"FERRETERIA ""LA MICHOACANA""",LOS SAUCES,85.0,1,auxiliar
118,27/03/2025,NOTA,"FERRETERIA ""LA MICHOACANA""",LOS SAUCES,66.0,1,auxiliar
115,26/03/2025,NOTA,"FERRETERIA ""LA MICHOACANA""",LOS SAUCES,2660.0,1,auxiliar
116,26/03/2025,NOTA,"FERRETERIA ""LA MICHOACANA""",LOS SAUCES,15.0,1,auxiliar
233,25/03/2025,NOTA,"REFACCIONARIA ""JA-JA""",SIN DEFINIR,0.0,1,vladi
234,25/03/2025,NOTA,"REFACCIONARIA ""JA-JA""",SIN DEFINIR,0.0,1,vladi
113,24/03/2025,NOTA,"FERRETERIA ""LA MICHOACANA""",LOS SAUCES,322.0,1,auxiliar
9,24/03/2025,NOTA,"FERRETERIA ""LA MICHOACANA""",LOS SAUCES,371.0,1,auxiliar
10,24/03/2025,NOTA,"FERRETERIA ""LA MICHOACANA""",LOS SAUCES,102.0,1,auxiliar
11,24/03/2025,NOTA,"FERRETERIA ""LA MICHOACANA""",LOS SAUCES,273.0,1,auxiliar
111,24/03/2025,NOTA,"FERRETERIA ""LA MICHOACANA""",LOS SAUCES,357.0,1,auxiliar
112,24/03/2025,NOTA,"FERRETERIA ""LA MICHOACANA""",LOS SAUCES,380.0,1,auxiliar
12,24/03/2025,NOTA,"FERRETERIA ""LA MICHOACANA""",LOS SAUCES,118.0,1,auxiliar
114,24/03/2025,NOTA,"FERRETERIA ""LA MICHOACANA""",LOS SAUCES,154.0,1,auxiliar
239,24/03/2025,NOTA,"REFACCIONARIA ""JA-JA""",SIN DEFINIR,95.0,1,vladi
238,24/03/2025,NOTA,"REFACCIONARIA ""JA-JA""",SIN DEFINIR,600.0,1,vladi
237,24/03/2025,NOTA,"REFACCIONARIA ""JA-JA""",SIN DEFINIR,1250.0,1,vladi
236,24/03/2025,NOTA,"REFACCIONARIA ""JA-JA""",SIN DEFINIR,20.0,1,vladi
235,24/03/2025,NOTA,"REFACCIONARIA ""JA-JA""",SIN DEFINIR,398.0,1,vladi
14,24/03/2025,NOTA,"FERRETERIA ""LA MICHOACANA""",LOS SAUCES,30.0,1,auxiliar
13,24/03/2025,NOTA,"FERRETERIA ""LA MICHOACANA""",LOS SAUCES,44.0,1,auxiliar
242,23/03/2025,NOTA,"REFACCIONARIA ""JA-JA""",SIN DEFINIR,68.0,1,vladi
240,23/03/2025,NOTA,"REFACCIONARIA ""JA-JA""",SIN DEFINIR,36.0,1,vladi
241,23/03/2025,NOTA,"REFACCIONARIA ""JA-JA""",SIN DEFINIR,120.0,1,vladi
158,28/01/2025,NOTA,"REFACCIONARIA ""JA-JA""",LAS HIGUERAS,100.0,Cerrada,vladi
157,28/01/2025,NOTA,"REFACCIONARIA ""JA-JA""",EL CERRITO,2740.0,Cerrada,vladi
155,28/01/2025,NOTA,"REFACCIONARIA ""JA-JA""",LOS SAUCES,390.0,Cerrada,vladi
156,28/01/2025,NOTA,"REFACCIONARIA ""JA-JA""",EL CERRITO,310.0,Cerrada,vladi
159,28/01/2025,NOTA,"REFACCIONARIA ""JA-JA""",LAS HIGUERAS,310.0,Cerrada,vladi
154,24/01/2025,NOTA,"REFACCIONARIA ""JA-JA""",LOS SAUCES,50.0,Cerrada,vladi
149,24/01/2025,NOTA,"REFACCIONARIA ""JA-JA""",LAS HIGUERAS,2600.0,Cerrada,vladi
150,24/01/2025,NOTA,"REFACCIONARIA ""JA-JA""",LAS HIGUERAS,100.0,Cerrada,vladi
153,24/01/2025,NOTA,"REFACCIONARIA ""JA-JA""",LOS SAUCES,268.0,Cerrada,vladi
152,23/01/2025,NOTA,"REFACCIONARIA ""JA-JA""",LOS SAUCES,390.0,Cerrada,vladi
151,23/01/2025,NOTA,"REFACCIONARIA ""JA-JA""",LAS HIGUERAS,55.0,Cerrada,vladi
139,18/01/2025,NOTA,"REFACCIONARIA ""JA-JA""",MINA,1385.0,Cerrada,vladi
144,16/01/2025,NOTA,"REFACCIONARIA ""JA-JA""",LOS SAUCES,50.0,Cerrada,vladi
142,16/01/2025,NOTA,"REFACCIONARIA ""JA-JA""",LOS SAUCES,75.0,Cerrada,vladi
147,16/01/2025,NOTA,"REFACCIONARIA ""JA-JA""",LAS HIGUERAS,302.0,Cerrada,vladi
146,16/01/2025,NOTA,"REFACCIONARIA ""JA-JA""",LAS HIGUERAS,125.0,Cerrada,vladi
145,16/01/2025,NOTA,"REFACCIONARIA ""JA-JA""",LOS SAUCES,100.0,Cerrada,vladi
141,16/01/2025,NOTA,"REFACCIONARIA ""JA-JA""",LOS SAUCES,40.0,Cerrada,vladi
143,16/01/2025,NOTA,"REFACCIONARIA ""JA-JA""",LOS SAUCES,100.0,Cerrada,vladi
140,16/01/2025,NOTA,"REFACCIONARIA ""JA-JA""",MINA,250.0,Cerrada,vladi
148,16/01/2025,NOTA,"REFACCIONARIA ""JA-JA""",LAS HIGUERAS,1380.0,Cerrada,vladi
138,15/01/2025,NOTA,"REFACCIONARIA ""JA-JA""",LAS HIGUERAS,1385.0,Cerrada,vladi
137,14/01/2025,NOTA,"REFACCIONARIA ""JA-JA""",LAS HIGUERAS,398.0,Cerrada,vladi
136,14/01/2025,NOTA,"REFACCIONARIA ""JA-JA""",LAS HIGUERAS,130.0,Cerrada,vladi
135,14/01/2025,NOTA,"REFACCIONARIA ""JA-JA""",LAS HIGUERAS,260.0,Cerrada,vladi
134,14/01/2025,NOTA,"REFACCIONARIA ""JA-JA""",LAS HIGUERAS,72.0,Cerrada,vladi
133,14/01/2025,NOTA,"REFACCIONARIA ""JA-JA""",LAS HIGUERAS,55.0,Cerrada,vladi
131,09/01/2025,NOTA,"REFACCIONARIA ""JA-JA""",LAS HIGUERAS,200.0,Cerrada,vladi
130,09/01/2025,NOTA,"REFACCIONARIA ""JA-JA""",LAS HIGUERAS,2400.0,Cerrada,vladi
129,06/01/2025,NOTA,"REFACCIONARIA ""JA-JA""",LAS HIGUERAS,134.0,Cerrada,vladi
128,06/01/2025,NOTA,"REFACCIONARIA ""JA-JA""",LAS HIGUERAS,180.0,Cerrada,vladi
132,04/01/2025,NOTA,"REFACCIONARIA ""JA-JA""",LAS HIGUERAS,390.0,Cerrada,vladi
244,14/10/2024,NOTA,"REFACCIONARIA ""JA-JA""",SIN DEFINIR,79.0,1,vladi
243,14/10/2024,NOTA,"REFACCIONARIA ""JA-JA""",SIN DEFINIR,1350.0,1,vladi



https://www.youtube.com/watch?v=Ydj73fzLams&list=PL1Ax0Og2bOxzCFhBNo9_pMTaDsy0YIwRi&index=3
